<?xml version="1.0" standalone="yes"?>
<materiels>
  <article>
    <description>12 Crayons à papier Tradition HB</description>
    <refArticle>F0000019</refArticle>
    <marque>Conté</marque>
    <famille>Ecriture &amp; Correction</famille>
    <sousFamille>Crayons &amp; Porte-mines</sousFamille>
    <prixHT>5,09</prixHT>
  </article>
  <article>
    <description>Clairalfa - ramette 500 feuilles A4 80g</description>
    <refArticle>F0000269</refArticle>
    <marque>Clairefontaine</marque>
    <famille>Papier</famille>
    <sousFamille>Papier copieur &amp; multifonction blanc</sousFamille>
    <prixHT>4,69</prixHT>
  </article>
  <article>
    <description>Bloc Estrée A4 75g Uni</description>
    <refArticle>F0005477</refArticle>
    <marque>Estrée</marque>
    <famille>Papiers</famille>
    <sousFamille>Blocs &amp; Coffrets de correspondance</sousFamille>
    <prixHT>1,99</prixHT>
  </article>
  <article>
    <description>Clairalfa - carton de 5 ramettes de 500 feuilles A4 80g</description>
    <refArticle>F0006804</refArticle>
    <marque>Clairefontaine</marque>
    <famille>Papier</famille>
    <sousFamille>Papier copieur &amp; multifonction blanc</sousFamille>
    <prixHT>21,45</prixHT>
  </article>
  <article>
    <description>12 Billes gel G1 Pilot Bleu</description>
    <refArticle>F0010087</refArticle>
    <marque>Pilot</marque>
    <famille>Ecriture &amp; Correction</famille>
    <sousFamille>Stylos, feutres &amp; rollers</sousFamille>
    <prixHT>7,05</prixHT>
  </article>
  <article>
    <description>Boîte transfert - Scolex - havane - dos 90mm</description>
    <refArticle>F0012290</refArticle>
    <marque>Scolex</marque>
    <famille>Classement &amp; Archivage</famille>
    <sousFamille>Boîtes transfert</sousFamille>
    <prixHT>3,59</prixHT>
  </article>
  <article>
    <description>Boîte transfert Scolex dos 90mm vert</description>
    <refArticle>F0012294</refArticle>
    <marque>Scolex</marque>
    <famille>Classement &amp; Archivage</famille>
    <sousFamille>Boîtes transfert</sousFamille>
    <prixHT>3,59</prixHT>
  </article>
  <article>
    <description>Boîte transfert Scolex dos 90mm bleu marine</description>
    <refArticle>F0012295</refArticle>
    <marque>Scolex</marque>
    <famille>Classement &amp; Archivage</famille>
    <sousFamille>Boîtes transfert</sousFamille>
    <prixHT>3,59</prixHT>
  </article>
  <article>
    <description>4 crayons à papier - Bic - Evolution HB</description>
    <refArticle>F0013378</refArticle>
    <marque>Bic</marque>
    <famille>Ecriture &amp; Correction</famille>
    <sousFamille>Crayons &amp; Porte-mines</sousFamille>
    <prixHT>0,89</prixHT>
  </article>
  <article>
    <description>Corbeille à papier Ecoline CEP bleue</description>
    <refArticle>F0015773</refArticle>
    <marque>CEP</marque>
    <famille>Accessoires de bureau</famille>
    <sousFamille>Corbeilles à papier</sousFamille>
    <prixHT>2,29</prixHT>
  </article>
  <article>
    <description>Corbeille à papier rectangulaire HAN noire</description>
    <refArticle>F0016578</refArticle>
    <marque>Han</marque>
    <famille>Accessoires  de bureau</famille>
    <sousFamille>Corbeilles à papier</sousFamille>
    <prixHT>6,19</prixHT>
  </article>
  <article>
    <description>Corbeille à papier - métal - 18 litres - noir</description>
    <refArticle>F0017641</refArticle>
    <marque>Sans marque</marque>
    <famille>Accessoires de bureau</famille>
    <sousFamille>Corbeilles à papier</sousFamille>
    <prixHT>23,89</prixHT>
  </article>
  <article>
    <description>Clairefontaine - 500 feuilles Digital Color Printing blanches A4 100g</description>
    <refArticle>F0020064</refArticle>
    <marque>Claire-fontaine</marque>
    <famille>Parier</famille>
    <sousFamille>Papier laser</sousFamille>
    <prixHT>7,69</prixHT>
  </article>
  <article>
    <description>Clairefontaine - 500 feuilles Digital Color Printing ivoire A4 100g</description>
    <refArticle>F0021375</refArticle>
    <marque>Clairefontaine</marque>
    <famille>Papier</famille>
    <sousFamille>Papier laser</sousFamille>
    <prixHT>11,49</prixHT>
  </article>
  <article>
    <description>Clairefontaine - 250 feuilles Digital Color Printing blanches A4 160g</description>
    <refArticle>F0300012</refArticle>
    <marque>Clairefontaine</marque>
    <famille>Papiers</famille>
    <sousFamille>Papier laser</sousFamille>
    <prixHT>7,59</prixHT>
  </article>
  <article>
    <description>Pot à crayons recyclé - Cep - Green Spirit</description>
    <refArticle>F0308391</refArticle>
    <marque>CEP</marque>
    <famille>Accessoires de bureau</famille>
    <sousFamille>Pots à crayons</sousFamille>
    <prixHT>5,01</prixHT>
  </article>
  <article>
    <description>Boþte de classement Viquel polypropylÀne 8/10e Dos 80 mm Rouge</description>
    <refArticle>F0319838</refArticle>
    <marque>Viquel</marque>
    <famille>Classement &amp; Archivage</famille>
    <sousFamille>Boites de classement en plastique</sousFamille>
    <prixHT>4,75</prixHT>
  </article>
  <article>
    <description>Organiseur en cuir pleine fleur - Exacompta - Cali Exatime 21 - noir - 23 x 19 cm</description>
    <refArticle>F0320260</refArticle>
    <marque>Exacompta</marque>
    <famille>Papeterie Et classement</famille>
    <sousFamille>Agendas et calendriers</sousFamille>
    <prixHT>100,33</prixHT>
  </article>
  <article>
    <description>Cahier de texte Clairefontaine 144 pages à spirales</description>
    <refArticle>F0328476</refArticle>
    <marque>Clairefontaine</marque>
    <famille>Papeterie et classement</famille>
    <sousFamille>Agendas et calendriers</sousFamille>
    <prixHT>2,99</prixHT>
  </article>
  <article>
    <description>Boîte transfert Scolex dos 120mm bleu marine</description>
    <refArticle>F0331333</refArticle>
    <marque>Scolex</marque>
    <famille>Classement &amp; Archivage</famille>
    <sousFamille>Boîtes transfert</sousFamille>
    <prixHT>6,14</prixHT>
  </article>
  <article>
    <description>Stylo-bille à encre gel - Pilot - B2P - noir</description>
    <refArticle>F0333037</refArticle>
    <marque>Pilot</marque>
    <famille>Ecriture &amp; Correction</famille>
    <sousFamille>Stylos, feutres &amp; rollers</sousFamille>
    <prixHT>2,59</prixHT>
  </article>
  <article>
    <description>6 x Marqueurs - Velleda - 1781bis</description>
    <refArticle>F0333613</refArticle>
    <marque>Velleda</marque>
    <famille>Ecriture Et Correction</famille>
    <sousFamille>Marqueurs</sousFamille>
    <prixHT>7,39</prixHT>
  </article>
  <article>
    <description>Recharge roller correcteur - Pritt - 4,2mm</description>
    <refArticle>F0339392</refArticle>
    <marque>Pritt</marque>
    <famille>Ecriture &amp; Correction</famille>
    <sousFamille>Rollers correcteurs</sousFamille>
    <prixHT>2,79</prixHT>
  </article>
  <article>
    <description>3 crayons à papier - Faber Castell - Grip 2001 HB</description>
    <refArticle>F0346438</refArticle>
    <marque>Faber Castell</marque>
    <famille>Ecriture &amp; Correction</famille>
    <sousFamille>Crayons &amp; Porte-mines</sousFamille>
    <prixHT>2,69</prixHT>
  </article>
  <article>
    <description>Boîte de classement - 24 x 32 cm - personnalisable bleu translucide dos 40 mm</description>
    <refArticle>F0351775</refArticle>
    <marque>Elba</marque>
    <famille>Classement &amp; Archivage</famille>
    <sousFamille>Boites de classement en plastique</sousFamille>
    <prixHT>4,75</prixHT>
  </article>
  <article>
    <description>Boîte de classement - 24 x 32 cm - personnalisable vert translucide dos 40 mm</description>
    <refArticle>F0351779</refArticle>
    <marque>Elba</marque>
    <famille>Classement &amp; Archivage</famille>
    <sousFamille>Boites de classement en plastique</sousFamille>
    <prixHT>4,75</prixHT>
  </article>
  <article>
    <description>7 marqueurs à vitres assortis Pentel Wet Erase</description>
    <refArticle>F0354305</refArticle>
    <marque>Pentel</marque>
    <famille>Ecriture et Correction</famille>
    <sousFamille>Marqueurs</sousFamille>
    <prixHT>19,49</prixHT>
  </article>
  <article>
    <description>Multipot à crayons rotatif - Rubbermaid - noir</description>
    <refArticle>F0358457</refArticle>
    <marque>Rubbermaid</marque>
    <famille>Accessoires de bureau</famille>
    <sousFamille>Pots à crayons</sousFamille>
    <prixHT>24,89</prixHT>
  </article>
  <article>
    <description>Pot à crayons multipot fixe bleu</description>
    <refArticle>F0358458</refArticle>
    <marque>Sans marque</marque>
    <famille>Accessoires de bureau</famille>
    <sousFamille>Pots à crayons</sousFamille>
    <prixHT>2,69</prixHT>
  </article>
  <article>
    <description>Cahier double spirale - Oxford - A4 - 21 x 29,7 cm - petits carreaux - 100 pages</description>
    <refArticle>F0359244</refArticle>
    <marque>Oxford</marque>
    <famille>Papeterie et classement</famille>
    <sousFamille>Cahiers</sousFamille>
    <prixHT>2,67</prixHT>
  </article>
  <article>
    <description>Sous-main France 36x60cm</description>
    <refArticle>F0365764</refArticle>
    <marque>Viquel</marque>
    <famille>Accessoires de bureau</famille>
    <sousFamille>Sous-mains</sousFamille>
    <prixHT>6,49</prixHT>
  </article>
  <article>
    <description>Equerre 60° - Maped - Flex - 21cm incassable</description>
    <refArticle>F0368396</refArticle>
    <marque>Maped</marque>
    <famille>Fournitures  scolaires</famille>
    <sousFamille>Création et géométrie</sousFamille>
    <prixHT>1,09</prixHT>
  </article>
  <article>
    <description>Cahier Calligraphe 24x32 cm grands carreaux 96 pages 70g piqué</description>
    <refArticle>F0368854</refArticle>
    <marque>Calligraphe</marque>
    <famille>Papeterie &amp; classement</famille>
    <sousFamille>Cahiers</sousFamille>
    <prixHT>1,79</prixHT>
  </article>
  <article>
    <description>Clairefontaine - Carton de 5 ramettes de 500 feuilles Digital Color Printing blanches A4 100g</description>
    <refArticle>F0382778</refArticle>
    <marque>Clairefontaine</marque>
    <famille>Papier</famille>
    <sousFamille>Papier laser</sousFamille>
    <prixHT>34,95</prixHT>
  </article>
  <article>
    <description>Sous-main à rabat 40 x 60 cm</description>
    <refArticle>F0388467</refArticle>
    <marque>Emey</marque>
    <famille>Accessoires de bureau</famille>
    <sousFamille>Sous-mains</sousFamille>
    <prixHT>46,79</prixHT>
  </article>
  <article>
    <description>Office DEPOT - carton de 5 ramettes de 500 feuilles Office DEPOT Everyday A4 80g/m²</description>
    <refArticle>F0391110</refArticle>
    <marque>Office DEPOT</marque>
    <famille>Papier</famille>
    <sousFamille>Papier copieur &amp; multifonction blanc</sousFamille>
    <prixHT>17,45</prixHT>
  </article>
  <article>
    <description>Cahier Nomadbook Oxford 24x32 cm grands carreaux 160 pages avec chemise à élastique</description>
    <refArticle>F1009381</refArticle>
    <marque>Oxford</marque>
    <famille>Papeterie et classement</famille>
    <sousFamille>Cahiers</sousFamille>
    <prixHT>4,69</prixHT>
  </article>
  <article>
    <description>Office DEPOT - Ramette 500 feuilles Office DEPOT Everyday A4 80g/m²</description>
    <refArticle>F1453759</refArticle>
    <marque>Office Dépôt</marque>
    <famille>Papier</famille>
    <sousFamille>Papier, copieur &amp; multifonction blanc</sousFamille>
    <prixHT>3,79</prixHT>
  </article>
  <article>
    <description>12 Crayons graphite Foray HB</description>
    <refArticle>F1646150</refArticle>
    <marque>Foray</marque>
    <famille>Ecriture &amp; Correction</famille>
    <sousFamille>Crayons &amp; Porte-mines</sousFamille>
    <prixHT>2,69</prixHT>
  </article>
  <article>
    <description>Roller de correction - Pritt - ECOmfort</description>
    <refArticle>F3378105</refArticle>
    <marque>Pritt</marque>
    <famille>Ecriture &amp; Correction</famille>
    <sousFamille>Rollers correcteurs</sousFamille>
    <prixHT>2,63</prixHT>
  </article>
  <article>
    <description>Sous-main géographique - Durable - Monde</description>
    <refArticle>F3754287</refArticle>
    <marque>Durable</marque>
    <famille>Accessoires de bureau</famille>
    <sousFamille>Sous-mains</sousFamille>
    <prixHT>6,49</prixHT>
  </article>
  <article>
    <description>Stylo à bille - Parker - Urban Premium - corps acier - Perle</description>
    <refArticle>F5223222</refArticle>
    <marque>Parker</marque>
    <famille>Ecriture &amp; Correction</famille>
    <sousFamille>Stylos, feutres &amp; rollers</sousFamille>
    <prixHT>25,49</prixHT>
  </article>
  <article>
    <description>Stylo à bille - Parker - Urban Premium - corps acier - Ebène</description>
    <refArticle>F5223348</refArticle>
    <marque>Parker</marque>
    <famille>Ecriture &amp; Correction</famille>
    <sousFamille>Stylos, feutres, rollers</sousFamille>
    <prixHT>25,49</prixHT>
  </article>
  <article>
    <description>Pot à crayons - Cep - Acrylight - transparent</description>
    <refArticle>F5422829</refArticle>
    <marque>CEP</marque>
    <famille>Accessoires de bureau</famille>
    <sousFamille>Pots à crayons</sousFamille>
    <prixHT>8,99</prixHT>
  </article>
  <article>
    <description>Coffret de correspondance - Clairefontaine - Pollen - 40 cartes + 40 enveloppes - hiver</description>
    <refArticle>F5448222</refArticle>
    <marque>Clairefontaine</marque>
    <famille>Papier</famille>
    <sousFamille>Blocs &amp; Coffrets de correspondance</sousFamille>
    <prixHT>13,49</prixHT>
  </article>
  <article>
    <description>Coffret de correspondance - Clairefontaine - Pollen - 40 cartes + 40 enveloppes - bleu</description>
    <refArticle>F5448249</refArticle>
    <marque>Clairefontaine</marque>
    <famille>Papier</famille>
    <sousFamille>Blocs &amp; Coffrets de correspondance</sousFamille>
    <prixHT>9,99</prixHT>
  </article>
  <article>
    <description>Coffret de correspondance - Clairefontaine - Pollen - 40 cartes + 40 enveloppes - vert</description>
    <refArticle>F5448339</refArticle>
    <marque>Clairefontaine</marque>
    <famille>Papier</famille>
    <sousFamille>Blocs &amp; Coffrets de correspondance</sousFamille>
    <prixHT>9,99</prixHT>
  </article>
  <article>
    <description>Boîte de classement - polypropylène - dos 25 mm</description>
    <refArticle>F5613471</refArticle>
    <marque>Sans marque</marque>
    <famille>Classement &amp; Archivage</famille>
    <sousFamille>Boites de classement en plastique</sousFamille>
    <prixHT>2,79</prixHT>
  </article>
  <article>
    <description>Règle transparente - Niceday - 1 biseau - 40 cm</description>
    <refArticle>F5743512</refArticle>
    <marque>Niceday</marque>
    <famille>Fournitures scolaires</famille>
    <sousFamille>Création et géométrie</sousFamille>
    <prixHT>0,66</prixHT>
  </article>
  <article>
    <description>Calculatrice scientifique - CASIO - FX Junior Plus - 19,5 x 78 x 155 mm</description>
    <refArticle>F6116922</refArticle>
    <marque>Casio</marque>
    <famille>Fournitures scolaires</famille>
    <sousFamille>Informatique et calculatrices</sousFamille>
    <prixHT>9,02</prixHT>
  </article>
</materiels>